<?xml version="1.0" encoding="UTF-8"?><MD_Metadata xmlns:gts="http://www.isotc211.org/2005/gts" xmlns:gco="http://www.isotc211.org/2005/gco" xmlns:xalan="http://xml.apache.org/xalan" xmlns:srv="http://www.isotc211.org/2005/srv" xmlns:gmx="http://www.isotc211.org/2005/gmx" xmlns:xlink="http://www.w3.org/1999/xlink" xmlns:xsi="http://www.w3.org/2001/XMLSchema-instance" xmlns:gml="http://www.opengis.net/gml" xmlns="http://www.isotc211.org/2005/gmd">
    <fileIdentifier>
        <gco:CharacterString>297f08153f3f4567b779ac1dda7ea374</gco:CharacterString>
    </fileIdentifier>
    <characterSet>
        <MD_CharacterSetCode codeList="http://www.isotc211.org/2005/resources/Codelist/gmxCodelists.xml#MD_CharacterSetCode" codeListValue="utf8" codeSpace="ISOTC211/19115">utf8</MD_CharacterSetCode>
    </characterSet>
    <hierarchyLevel>
        <MD_ScopeCode codeList="http://www.isotc211.org/2005/resources/Codelist/gmxCodelists.xml#MD_ScopeCode" codeListValue="dataset" codeSpace="ISOTC211/19115">dataset</MD_ScopeCode>
    </hierarchyLevel>
    <hierarchyLevelName>
        <gco:CharacterString>dataset</gco:CharacterString>
    </hierarchyLevelName>
    <contact>
        <CI_ResponsibleParty>
            <individualName>
                <gco:CharacterString>Ginny Baker</gco:CharacterString>
            </individualName>
            <organisationName>
                <gco:CharacterString>NCDEQ-Division of Water Resources-Planning Section</gco:CharacterString>
            </organisationName>
            <contactInfo>
                <CI_Contact>
                    <address>
                        <CI_Address>
                            <electronicMailAddress>
                                <gco:CharacterString>virginia.baker@ncdenr.gov</gco:CharacterString>
                            </electronicMailAddress>
                        </CI_Address>
                    </address>
                </CI_Contact>
            </contactInfo>
            <role>
                <CI_RoleCode codeList="http://www.isotc211.org/2005/resources/Codelist/gmxCodelists.xml#CI_RoleCode" codeListValue="pointOfContact" codeSpace="ISOTC211/19115">pointOfContact</CI_RoleCode>
            </role>
        </CI_ResponsibleParty>
    </contact>
    <dateStamp>
        <gco:Date>2017-12-04</gco:Date>
    </dateStamp>
    <metadataStandardName>
        <gco:CharacterString>ISO 19139 Geographic Information - Metadata - Implementation Specification</gco:CharacterString>
    </metadataStandardName>
    <metadataStandardVersion>
        <gco:CharacterString>2007</gco:CharacterString>
    </metadataStandardVersion>
    <referenceSystemInfo>
        <MD_ReferenceSystem>
            <referenceSystemIdentifier>
                <RS_Identifier>
                    <code>
                        <gco:CharacterString>ESRI:102719</gco:CharacterString>
                    </code>
                </RS_Identifier>
            </referenceSystemIdentifier>
        </MD_ReferenceSystem>
    </referenceSystemInfo>
    <identificationInfo>
        <MD_DataIdentification>
            <citation>
                <CI_Citation>
                    <title>
                        <gco:CharacterString>Major Basins</gco:CharacterString>
                    </title>
                    <date>
                        <CI_Date>
                            <date>
                                <gco:Date>2014-12-22</gco:Date>
                            </date>
                            <dateType>
                                <CI_DateTypeCode codeList="http://www.isotc211.org/2005/resources/Codelist/gmxCodelists.xml#CI_DateTypeCode" codeListValue="publication" codeSpace="ISOTC211/19115">publication</CI_DateTypeCode>
                            </dateType>
                        </CI_Date>
                    </date>
                    <date>
                        <CI_Date>
                            <date>
                                <gco:Date>2017-09-14</gco:Date>
                            </date>
                            <dateType>
                                <CI_DateTypeCode codeList="http://www.isotc211.org/2005/resources/Codelist/gmxCodelists.xml#CI_DateTypeCode" codeListValue="revision" codeSpace="ISOTC211/19115">revision</CI_DateTypeCode>
                            </dateType>
                        </CI_Date>
                    </date>
                    <citedResponsibleParty>
                        <CI_ResponsibleParty>
                            <individualName>
                                <gco:CharacterString>Melanie Williams</gco:CharacterString>
                            </individualName>
                            <organisationName>
                                <gco:CharacterString>NC DEQ - Division of Water Resources</gco:CharacterString>
                            </organisationName>
                            <contactInfo>
                                <CI_Contact>
                                    <address>
                                        <CI_Address>
                                            <electronicMailAddress>
                                                <gco:CharacterString>melanie.williams@ncdenr.gov</gco:CharacterString>
                                            </electronicMailAddress>
                                        </CI_Address>
                                    </address>
                                </CI_Contact>
                            </contactInfo>
                            <role>
                                <CI_RoleCode codeList="http://www.isotc211.org/2005/resources/Codelist/gmxCodelists.xml#CI_RoleCode" codeListValue="pointOfContact" codeSpace="ISOTC211/19115">pointOfContact</CI_RoleCode>
                            </role>
                        </CI_ResponsibleParty>
                    </citedResponsibleParty>
                </CI_Citation>
            </citation>
            <abstract>
                <gco:CharacterString>The major river basin lines in NC are drawn based on the nationally recognized hydrologic unit codes (6-digits).  Some basins have been split apart due to previously written general statues.  This feature service was uploaded in December 2014.  This feature layer can be found in the NC Surface Water Classification map application.</gco:CharacterString>
            </abstract>
            <purpose>
                <gco:CharacterString>River Basins in North Carolina to the state line</gco:CharacterString>
            </purpose>
            <credit>
                <gco:CharacterString>NCDEQ - Division of Water Resources</gco:CharacterString>
            </credit>
            <status>
                <MD_ProgressCode codeList="http://www.isotc211.org/2005/resources/Codelist/gmxCodelists.xml#MD_ProgressCode" codeListValue="completed" codeSpace="ISOTC211/19115">completed</MD_ProgressCode>
            </status>
            <pointOfContact>
                <CI_ResponsibleParty>
                    <individualName>
                        <gco:CharacterString>Melanie Williams</gco:CharacterString>
                    </individualName>
                    <organisationName>
                        <gco:CharacterString>NC DEQ - Division of Water Resources</gco:CharacterString>
                    </organisationName>
                    <contactInfo>
                        <CI_Contact>
                            <address>
                                <CI_Address>
                                    <electronicMailAddress>
                                        <gco:CharacterString>melanie.williams@ncdenr.gov</gco:CharacterString>
                                    </electronicMailAddress>
                                </CI_Address>
                            </address>
                        </CI_Contact>
                    </contactInfo>
                    <role>
                        <CI_RoleCode codeList="http://www.isotc211.org/2005/resources/Codelist/gmxCodelists.xml#CI_RoleCode" codeListValue="pointOfContact" codeSpace="ISOTC211/19115">pointOfContact</CI_RoleCode>
                    </role>
                </CI_ResponsibleParty>
            </pointOfContact>
            <resourceMaintenance>
                <MD_MaintenanceInformation>
                    <maintenanceAndUpdateFrequency>
                        <MD_MaintenanceFrequencyCode codeList="http://www.isotc211.org/2005/resources/Codelist/gmxCodelists.xml#MD_MaintenanceFrequencyCode" codeListValue="asNeeded" codeSpace="ISOTC211/19115">asNeeded</MD_MaintenanceFrequencyCode>
                    </maintenanceAndUpdateFrequency>
                </MD_MaintenanceInformation>
            </resourceMaintenance>
            <descriptiveKeywords>
                <MD_Keywords>
                    <keyword>
                        <gco:CharacterString>Water</gco:CharacterString>
                    </keyword>
                    <keyword>
                        <gco:CharacterString>Basin</gco:CharacterString>
                    </keyword>
                    <keyword>
                        <gco:CharacterString>Boundary</gco:CharacterString>
                    </keyword>
                    <keyword>
                        <gco:CharacterString>North Carolina</gco:CharacterString>
                    </keyword>
                    <keyword>
                        <gco:CharacterString>NC</gco:CharacterString>
                    </keyword>
                    <keyword>
                        <gco:CharacterString>NCDEQ</gco:CharacterString>
                    </keyword>
                    <keyword>
                        <gco:CharacterString>DWR</gco:CharacterString>
                    </keyword>
                    <keyword>
                        <gco:CharacterString>Final</gco:CharacterString>
                    </keyword>
                    <keyword>
                        <gco:CharacterString>Boundaries</gco:CharacterString>
                    </keyword>
                    <keyword>
                        <gco:CharacterString>Feature Service</gco:CharacterString>
                    </keyword>
                    <keyword>
                        <gco:CharacterString>River Basin</gco:CharacterString>
                    </keyword>
                    <type>
                        <MD_KeywordTypeCode codeList="http://www.isotc211.org/2005/resources/Codelist/gmxCodelists.xml#MD_KeywordTypeCode" codeListValue="theme" codeSpace="ISOTC211/19115">theme</MD_KeywordTypeCode>
                    </type>
                </MD_Keywords>
            </descriptiveKeywords>
            <descriptiveKeywords>
                <MD_Keywords>
                    <keyword>
                        <gco:CharacterString>Water</gco:CharacterString>
                    </keyword>
                    <keyword>
                        <gco:CharacterString>Basin</gco:CharacterString>
                    </keyword>
                    <keyword>
                        <gco:CharacterString>Boundary</gco:CharacterString>
                    </keyword>
                    <keyword>
                        <gco:CharacterString>North Carolina</gco:CharacterString>
                    </keyword>
                    <keyword>
                        <gco:CharacterString>NC</gco:CharacterString>
                    </keyword>
                    <keyword>
                        <gco:CharacterString>NCDEQ</gco:CharacterString>
                    </keyword>
                    <keyword>
                        <gco:CharacterString>DWR</gco:CharacterString>
                    </keyword>
                    <keyword>
                        <gco:CharacterString>Final</gco:CharacterString>
                    </keyword>
                    <keyword>
                        <gco:CharacterString>Boundaries</gco:CharacterString>
                    </keyword>
                    <keyword>
                        <gco:CharacterString>Feature Service</gco:CharacterString>
                    </keyword>
                    <keyword>
                        <gco:CharacterString>River Basin</gco:CharacterString>
                    </keyword>
                    <type>
                        <MD_KeywordTypeCode codeList="http://www.isotc211.org/2005/resources/Codelist/gmxCodelists.xml#MD_KeywordTypeCode" codeListValue="theme" codeSpace="ISOTC211/19115">theme</MD_KeywordTypeCode>
                    </type>
                </MD_Keywords>
            </descriptiveKeywords>
            <descriptiveKeywords>
                <MD_Keywords>
                    <keyword>
                        <gco:CharacterString>Water</gco:CharacterString>
                    </keyword>
                    <keyword>
                        <gco:CharacterString>Basin</gco:CharacterString>
                    </keyword>
                    <keyword>
                        <gco:CharacterString>Boundary</gco:CharacterString>
                    </keyword>
                    <keyword>
                        <gco:CharacterString>North Carolina</gco:CharacterString>
                    </keyword>
                    <keyword>
                        <gco:CharacterString>NC</gco:CharacterString>
                    </keyword>
                    <keyword>
                        <gco:CharacterString>NCDEQ</gco:CharacterString>
                    </keyword>
                    <keyword>
                        <gco:CharacterString>DWR</gco:CharacterString>
                    </keyword>
                    <keyword>
                        <gco:CharacterString>Final</gco:CharacterString>
                    </keyword>
                    <keyword>
                        <gco:CharacterString>Boundaries</gco:CharacterString>
                    </keyword>
                    <keyword>
                        <gco:CharacterString>Feature Service</gco:CharacterString>
                    </keyword>
                    <keyword>
                        <gco:CharacterString>River Basin</gco:CharacterString>
                    </keyword>
                    <type>
                        <MD_KeywordTypeCode codeList="http://www.isotc211.org/2005/resources/Codelist/gmxCodelists.xml#MD_KeywordTypeCode" codeListValue="theme" codeSpace="ISOTC211/19115">theme</MD_KeywordTypeCode>
                    </type>
                </MD_Keywords>
            </descriptiveKeywords>
            <descriptiveKeywords>
                <MD_Keywords>
                    <keyword>
                        <gco:CharacterString>Water</gco:CharacterString>
                    </keyword>
                    <keyword>
                        <gco:CharacterString>Basin</gco:CharacterString>
                    </keyword>
                    <keyword>
                        <gco:CharacterString>Boundary</gco:CharacterString>
                    </keyword>
                    <keyword>
                        <gco:CharacterString>North Carolina</gco:CharacterString>
                    </keyword>
                    <keyword>
                        <gco:CharacterString>NC</gco:CharacterString>
                    </keyword>
                    <keyword>
                        <gco:CharacterString>NCDEQ</gco:CharacterString>
                    </keyword>
                    <keyword>
                        <gco:CharacterString>DWR</gco:CharacterString>
                    </keyword>
                    <keyword>
                        <gco:CharacterString>Final</gco:CharacterString>
                    </keyword>
                    <keyword>
                        <gco:CharacterString>Boundaries</gco:CharacterString>
                    </keyword>
                    <keyword>
                        <gco:CharacterString>Feature Service</gco:CharacterString>
                    </keyword>
                    <keyword>
                        <gco:CharacterString>River Basin</gco:CharacterString>
                    </keyword>
                    <type>
                        <MD_KeywordTypeCode codeList="http://www.isotc211.org/2005/resources/Codelist/gmxCodelists.xml#MD_KeywordTypeCode" codeListValue="theme" codeSpace="ISOTC211/19115">theme</MD_KeywordTypeCode>
                    </type>
                </MD_Keywords>
            </descriptiveKeywords>
            <descriptiveKeywords>
                <MD_Keywords>
                    <keyword>
                        <gco:CharacterString>Water</gco:CharacterString>
                    </keyword>
                    <keyword>
                        <gco:CharacterString>Basin</gco:CharacterString>
                    </keyword>
                    <keyword>
                        <gco:CharacterString>Boundary</gco:CharacterString>
                    </keyword>
                    <keyword>
                        <gco:CharacterString>North Carolina</gco:CharacterString>
                    </keyword>
                    <keyword>
                        <gco:CharacterString>NC</gco:CharacterString>
                    </keyword>
                    <keyword>
                        <gco:CharacterString>NCDEQ</gco:CharacterString>
                    </keyword>
                    <keyword>
                        <gco:CharacterString>DWR</gco:CharacterString>
                    </keyword>
                    <keyword>
                        <gco:CharacterString>Final</gco:CharacterString>
                    </keyword>
                    <keyword>
                        <gco:CharacterString>Boundaries</gco:CharacterString>
                    </keyword>
                    <keyword>
                        <gco:CharacterString>Feature Service</gco:CharacterString>
                    </keyword>
                    <keyword>
                        <gco:CharacterString>River Basin</gco:CharacterString>
                    </keyword>
                    <type>
                        <MD_KeywordTypeCode codeList="http://www.isotc211.org/2005/resources/Codelist/gmxCodelists.xml#MD_KeywordTypeCode" codeListValue="theme" codeSpace="ISOTC211/19115">theme</MD_KeywordTypeCode>
                    </type>
                </MD_Keywords>
            </descriptiveKeywords>
            <descriptiveKeywords>
                <MD_Keywords>
                    <keyword>
                        <gco:CharacterString>Water</gco:CharacterString>
                    </keyword>
                    <keyword>
                        <gco:CharacterString>Basin</gco:CharacterString>
                    </keyword>
                    <keyword>
                        <gco:CharacterString>Boundary</gco:CharacterString>
                    </keyword>
                    <keyword>
                        <gco:CharacterString>North Carolina</gco:CharacterString>
                    </keyword>
                    <keyword>
                        <gco:CharacterString>NC</gco:CharacterString>
                    </keyword>
                    <keyword>
                        <gco:CharacterString>NCDEQ</gco:CharacterString>
                    </keyword>
                    <keyword>
                        <gco:CharacterString>DWR</gco:CharacterString>
                    </keyword>
                    <keyword>
                        <gco:CharacterString>Final</gco:CharacterString>
                    </keyword>
                    <keyword>
                        <gco:CharacterString>Boundaries</gco:CharacterString>
                    </keyword>
                    <keyword>
                        <gco:CharacterString>Feature Service</gco:CharacterString>
                    </keyword>
                    <keyword>
                        <gco:CharacterString>River Basin</gco:CharacterString>
                    </keyword>
                    <type>
                        <MD_KeywordTypeCode codeList="http://www.isotc211.org/2005/resources/Codelist/gmxCodelists.xml#MD_KeywordTypeCode" codeListValue="theme" codeSpace="ISOTC211/19115">theme</MD_KeywordTypeCode>
                    </type>
                </MD_Keywords>
            </descriptiveKeywords>
            <descriptiveKeywords>
                <MD_Keywords>
                    <keyword>
                        <gco:CharacterString>Water</gco:CharacterString>
                    </keyword>
                    <keyword>
                        <gco:CharacterString>Basin</gco:CharacterString>
                    </keyword>
                    <keyword>
                        <gco:CharacterString>Boundary</gco:CharacterString>
                    </keyword>
                    <keyword>
                        <gco:CharacterString>North Carolina</gco:CharacterString>
                    </keyword>
                    <keyword>
                        <gco:CharacterString>NC</gco:CharacterString>
                    </keyword>
                    <keyword>
                        <gco:CharacterString>NCDEQ</gco:CharacterString>
                    </keyword>
                    <keyword>
                        <gco:CharacterString>DWR</gco:CharacterString>
                    </keyword>
                    <keyword>
                        <gco:CharacterString>Final</gco:CharacterString>
                    </keyword>
                    <keyword>
                        <gco:CharacterString>Boundaries</gco:CharacterString>
                    </keyword>
                    <keyword>
                        <gco:CharacterString>Feature Service</gco:CharacterString>
                    </keyword>
                    <keyword>
                        <gco:CharacterString>River Basin</gco:CharacterString>
                    </keyword>
                    <type>
                        <MD_KeywordTypeCode codeList="http://www.isotc211.org/2005/resources/Codelist/gmxCodelists.xml#MD_KeywordTypeCode" codeListValue="theme" codeSpace="ISOTC211/19115">theme</MD_KeywordTypeCode>
                    </type>
                </MD_Keywords>
            </descriptiveKeywords>
            <descriptiveKeywords>
                <MD_Keywords>
                    <keyword>
                        <gco:CharacterString>Water</gco:CharacterString>
                    </keyword>
                    <keyword>
                        <gco:CharacterString>Basin</gco:CharacterString>
                    </keyword>
                    <keyword>
                        <gco:CharacterString>Boundary</gco:CharacterString>
                    </keyword>
                    <keyword>
                        <gco:CharacterString>North Carolina</gco:CharacterString>
                    </keyword>
                    <keyword>
                        <gco:CharacterString>NC</gco:CharacterString>
                    </keyword>
                    <keyword>
                        <gco:CharacterString>NCDEQ</gco:CharacterString>
                    </keyword>
                    <keyword>
                        <gco:CharacterString>DWR</gco:CharacterString>
                    </keyword>
                    <keyword>
                        <gco:CharacterString>Final</gco:CharacterString>
                    </keyword>
                    <keyword>
                        <gco:CharacterString>Boundaries</gco:CharacterString>
                    </keyword>
                    <keyword>
                        <gco:CharacterString>Feature Service</gco:CharacterString>
                    </keyword>
                    <keyword>
                        <gco:CharacterString>River Basin</gco:CharacterString>
                    </keyword>
                    <type>
                        <MD_KeywordTypeCode codeList="http://www.isotc211.org/2005/resources/Codelist/gmxCodelists.xml#MD_KeywordTypeCode" codeListValue="theme" codeSpace="ISOTC211/19115">theme</MD_KeywordTypeCode>
                    </type>
                </MD_Keywords>
            </descriptiveKeywords>
            <descriptiveKeywords>
                <MD_Keywords>
                    <keyword>
                        <gco:CharacterString>Water</gco:CharacterString>
                    </keyword>
                    <keyword>
                        <gco:CharacterString>Basin</gco:CharacterString>
                    </keyword>
                    <keyword>
                        <gco:CharacterString>Boundary</gco:CharacterString>
                    </keyword>
                    <keyword>
                        <gco:CharacterString>North Carolina</gco:CharacterString>
                    </keyword>
                    <keyword>
                        <gco:CharacterString>NC</gco:CharacterString>
                    </keyword>
                    <keyword>
                        <gco:CharacterString>NCDEQ</gco:CharacterString>
                    </keyword>
                    <keyword>
                        <gco:CharacterString>DWR</gco:CharacterString>
                    </keyword>
                    <keyword>
                        <gco:CharacterString>Final</gco:CharacterString>
                    </keyword>
                    <keyword>
                        <gco:CharacterString>Boundaries</gco:CharacterString>
                    </keyword>
                    <keyword>
                        <gco:CharacterString>Feature Service</gco:CharacterString>
                    </keyword>
                    <keyword>
                        <gco:CharacterString>River Basin</gco:CharacterString>
                    </keyword>
                    <type>
                        <MD_KeywordTypeCode codeList="http://www.isotc211.org/2005/resources/Codelist/gmxCodelists.xml#MD_KeywordTypeCode" codeListValue="theme" codeSpace="ISOTC211/19115">theme</MD_KeywordTypeCode>
                    </type>
                </MD_Keywords>
            </descriptiveKeywords>
            <descriptiveKeywords>
                <MD_Keywords>
                    <keyword>
                        <gco:CharacterString>Water</gco:CharacterString>
                    </keyword>
                    <keyword>
                        <gco:CharacterString>Basin</gco:CharacterString>
                    </keyword>
                    <keyword>
                        <gco:CharacterString>Boundary</gco:CharacterString>
                    </keyword>
                    <keyword>
                        <gco:CharacterString>North Carolina</gco:CharacterString>
                    </keyword>
                    <keyword>
                        <gco:CharacterString>NC</gco:CharacterString>
                    </keyword>
                    <keyword>
                        <gco:CharacterString>NCDEQ</gco:CharacterString>
                    </keyword>
                    <keyword>
                        <gco:CharacterString>DWR</gco:CharacterString>
                    </keyword>
                    <keyword>
                        <gco:CharacterString>Final</gco:CharacterString>
                    </keyword>
                    <keyword>
                        <gco:CharacterString>Boundaries</gco:CharacterString>
                    </keyword>
                    <keyword>
                        <gco:CharacterString>Feature Service</gco:CharacterString>
                    </keyword>
                    <keyword>
                        <gco:CharacterString>River Basin</gco:CharacterString>
                    </keyword>
                    <type>
                        <MD_KeywordTypeCode codeList="http://www.isotc211.org/2005/resources/Codelist/gmxCodelists.xml#MD_KeywordTypeCode" codeListValue="theme" codeSpace="ISOTC211/19115">theme</MD_KeywordTypeCode>
                    </type>
                </MD_Keywords>
            </descriptiveKeywords>
            <descriptiveKeywords>
                <MD_Keywords>
                    <keyword>
                        <gco:CharacterString>Water</gco:CharacterString>
                    </keyword>
                    <keyword>
                        <gco:CharacterString>Basin</gco:CharacterString>
                    </keyword>
                    <keyword>
                        <gco:CharacterString>Boundary</gco:CharacterString>
                    </keyword>
                    <keyword>
                        <gco:CharacterString>North Carolina</gco:CharacterString>
                    </keyword>
                    <keyword>
                        <gco:CharacterString>NC</gco:CharacterString>
                    </keyword>
                    <keyword>
                        <gco:CharacterString>NCDEQ</gco:CharacterString>
                    </keyword>
                    <keyword>
                        <gco:CharacterString>DWR</gco:CharacterString>
                    </keyword>
                    <keyword>
                        <gco:CharacterString>Final</gco:CharacterString>
                    </keyword>
                    <keyword>
                        <gco:CharacterString>Boundaries</gco:CharacterString>
                    </keyword>
                    <keyword>
                        <gco:CharacterString>Feature Service</gco:CharacterString>
                    </keyword>
                    <keyword>
                        <gco:CharacterString>River Basin</gco:CharacterString>
                    </keyword>
                    <type>
                        <MD_KeywordTypeCode codeList="http://www.isotc211.org/2005/resources/Codelist/gmxCodelists.xml#MD_KeywordTypeCode" codeListValue="theme" codeSpace="ISOTC211/19115">theme</MD_KeywordTypeCode>
                    </type>
                </MD_Keywords>
            </descriptiveKeywords>
            <resourceConstraints>
                <MD_Constraints>
                    <useLimitation>
                        <gco:CharacterString>The North Carolina Department of Environment and Natural Resources shall not be held liable for any errors in this metadata. This includes errors of omission, commission, errors concerning the content of the data, and relative and positional accuracy of the data. These data cannot be construed to be a legal document. Primary sources from which these data were compiled must be consulted for verification of information contained in these data.</gco:CharacterString>
                    </useLimitation>
                </MD_Constraints>
            </resourceConstraints>
            <language gco:nilReason="missing"/>
            <characterSet>
                <MD_CharacterSetCode codeList="http://www.isotc211.org/2005/resources/Codelist/gmxCodelists.xml#MD_CharacterSetCode" codeListValue="utf8" codeSpace="ISOTC211/19115">utf8</MD_CharacterSetCode>
            </characterSet>
            <topicCategory>
                <MD_TopicCategoryCode>boundaries</MD_TopicCategoryCode>
            </topicCategory>
            <topicCategory>
                <MD_TopicCategoryCode>environment</MD_TopicCategoryCode>
            </topicCategory>
            <extent>
                <EX_Extent>
                    <geographicElement>
                        <EX_GeographicBoundingBox>
                            <extentTypeCode>
                                <gco:Boolean>true</gco:Boolean>
                            </extentTypeCode>
                            <westBoundLongitude>
                                <gco:Decimal>-84.5775</gco:Decimal>
                            </westBoundLongitude>
                            <eastBoundLongitude>
                                <gco:Decimal>-74.7338</gco:Decimal>
                            </eastBoundLongitude>
                            <southBoundLatitude>
                                <gco:Decimal>33.5696</gco:Decimal>
                            </southBoundLatitude>
                            <northBoundLatitude>
                                <gco:Decimal>36.9769</gco:Decimal>
                            </northBoundLatitude>
                        </EX_GeographicBoundingBox>
                    </geographicElement>
                    <temporalElement>
                        <EX_TemporalExtent>
                            <extent>
                                <gml:TimeInstant gml:id="N65708">
                                    <gml:timePosition>2017-12-04T11:11:19.525-05:00</gml:timePosition>
                                </gml:TimeInstant>
                            </extent>
                        </EX_TemporalExtent>
                    </temporalElement>
                </EX_Extent>
            </extent>
        </MD_DataIdentification>
    </identificationInfo>
    <contentInfo>
        <MD_FeatureCatalogueDescription>
            <complianceCode>
                <gco:Boolean>true</gco:Boolean>
            </complianceCode>
            <language>
                <LanguageCode codeList="http://www.loc.gov/standards/iso639-2/php/code_list.php" codeListValue="eng" codeSpace="ISO639-2">eng</LanguageCode>
            </language>
            <includedWithDataset>
                <gco:Boolean>true</gco:Boolean>
            </includedWithDataset>
            <featureCatalogueCitation gco:nilReason="missing"/>
        </MD_FeatureCatalogueDescription>
    </contentInfo>
    <distributionInfo>
        <MD_Distribution>
            <transferOptions>
                <MD_DigitalTransferOptions>
                    <onLine>
                        <CI_OnlineResource>
                            <linkage>
                                <URL>https://services2.arcgis.com/kCu40SDxsCGcuUWO/arcgis/rest/services/Major_Basins/FeatureServer</URL>
                            </linkage>
                        </CI_OnlineResource>
                    </onLine>
                </MD_DigitalTransferOptions>
            </transferOptions>
        </MD_Distribution>
    </distributionInfo>
    <dataQualityInfo>
        <DQ_DataQuality>
            <scope>
                <DQ_Scope>
                    <level>
                        <MD_ScopeCode codeList="http://www.isotc211.org/2005/resources/Codelist/gmxCodelists.xml#MD_ScopeCode" codeListValue="service" codeSpace="ISOTC211/19115">service</MD_ScopeCode>
                    </level>
                    <levelDescription>
                        <MD_ScopeDescription>
                            <attributes uuidref="ArcGIS Online"/>
                        </MD_ScopeDescription>
                    </levelDescription>
                </DQ_Scope>
            </scope>
        </DQ_DataQuality>
    </dataQualityInfo>
</MD_Metadata>
